comment_id,text,source,date,likes,shares,word_count,year
comment_001,Education about plastic waste is crucial #recycling,Mail Online,2020-03-17,227,44,7,2020
comment_002,More research needed on plastic alternatives,Mail Online,2019-08-18,255,141,6,2019
comment_003,Microplastics are in our food and water this is terrifying,Mail Online,2019-08-02,159,120,10,2019
comment_004,Plastic awareness campaigns are effective??,Mail Online,2021-08-08,50,40,5,2021
comment_005,@GreenPeace Young activists are leading the movement 🤔,BBC News,2020-12-16,29,136,8,2020
comment_006,Microplastics are in our food and water this is terrifying 🤔 #zerowaste http://www.greenpeace.org/plastic,Guardian ,2020-05-10,252,77,13,2020
comment_007,Local recycling programs vary too much https://bit.ly/3plastikfacts...,Guardian ,2019-08-29,157,109,7,2019
comment_008,Plastic waste in rivers flows to oceans 😡,BBC News,2020-02-21,67,65,8,2020
comment_009,Innovations in recycling technology give hope,BBC News,2023-12-05,137,40,6,2023
comment_010,Marine animals suffer the most from plastic!!!,Mail Online,2018-07-28,120,67,7,2018
comment_011,Great to see biodegradable ALTERNATIVES becoming available 🐠??,BBC News,2022-03-16,157,15,8,2022
comment_012,@UNEnvironment The Great Pacific Garbage Patch is mostly plastic,Guardian ,2023-11-20,337,21,9,2023
comment_013,Waste management systems NEED improvement,BBC News,2021-03-12,61,112,5,2021
comment_014,@UNEnvironment Plastic in fashion is a growing problem!!!,Guardian ,2020-02-24,95,86,8,2020
comment_015,Innovations in recycling technology give hope,Guardian ,2023-03-03,337,88,6,2023
comment_016,@DavidAttenborough Great to see biodegradable alternatives becoming available http://www.greenpeace.org/plastic,BBC News,2023-06-20,49,69,9,2023
comment_017,@UNEnvironment Plastic bottles take hundreds of years to decompose http://www.greenpeace.org/plastic,Mail Online,2017-03-04,33,122,10,2017
comment_018,Biodegradable plastics are not perfect but better,Mail Online,2023-05-22,239,138,7,2023
comment_019,Everyone has RESPONSIBILITY to reduce plastic 🚮,BBC News,2018-10-13,242,44,7,2018
comment_020,Plastic pollution is destroying our oceans and marine life 🤔 #savetheoceans!!!,Guardian ,2021-08-21,169,134,11,2021
comment_021,Many countries have banned single-use plastic bags https://bit.ly/3plasticfacts,Guardian ,2018-04-26,280,65,8,2018
comment_022,We need better solutions for plastic WASTE management,Mail Online,2023-03-05,88,61,8,2023
comment_023,Plastic bottles take hundreds of years to decompose,Guardian ,2019-01-17,216,104,8,2019
comment_024,@DavidAttenborough Plastic pollution is preventable with effort,Mail Online,2022-08-16,19,10,7,2022
comment_025,WASTE management systems need improvement,Guardian ,2017-05-23,61,45,5,2017
comment_026,Innovations in recycling technology give hope!!!,Guardian ,2018-04-18,74,15,6,2018
comment_027,We MUST find balance between convenience and environment,Guardian ,2017-08-02,79,7,8,2017
comment_028,INTERNATIONAL cooperation needed for plastic crisis 🤔,BBC News,2017-08-19,155,98,7,2017
comment_029,Corporate responsibility for plastic is important,BBC News,2021-08-12,328,13,6,2021
comment_030,Recycling is not working most plastic never gets recycled #CLIMATECHANGE,Mail Online,2018-05-14,148,62,10,2018
comment_031,Corporate responsibility for plastic is important ❤️,Guardian ,2017-09-03,36,112,7,2017
comment_032,Community beach cleanups are very rewarding,Guardian ,2022-04-22,174,136,6,2022
comment_033,Young activists are leading the movement ❤️ #recycling https://bit.ly/3plasticfacts,BBC News,2019-02-04,104,57,9,2019
comment_034,Government policies need to be STRONGER 😂...,BBC News,2020-09-02,211,142,7,2020
comment_035,Plastic production should be regulated strictly?!,Guardian ,2022-10-11,270,140,6,2022
comment_036,International cooperation needed for plastic crisis,Mail Online,2023-01-19,265,56,6,2023
comment_037,Companies using recycled plastic deserve support,Guardian ,2020-06-28,219,99,6,2020
comment_038,Marine animals suffer the most from plastic 😡 https://bit.ly/3plasticfacts,BBC News,2023-09-25,287,90,9,2023
comment_039,Reusable products are the future,Guardian ,2020-06-09,68,105,5,2020
comment_040,Plastic POLLUTION is preventable with effort 😢,BBC News,2023-04-20,292,122,7,2023
comment_041,@BBCEnvironment Plastic AWARENESS campaigns are effective 💩,Mail Online,2023-04-02,341,64,7,2023
comment_042,@GreenPeace Plastic problem requires global SOLUTION,Guardian ,2020-10-05,327,22,6,2020
comment_043,@GreenPeace Great to see biodegradable alternatives becoming available https://bit.ly/3plasticfacts...,Guardian ,2021-03-09,89,30,9,2021
comment_044,Community beach cleanups are very rewarding?!,BBC News,2023-04-13,327,48,6,2023
comment_045,@BBCEnvironment Plastic waste in rivers flows to oceans,Mail Online,2017-04-01,155,36,8,2017
comment_046,Innovative materials can replace plastik 😊,BBC News,2019-12-02,7,55,6,2019
comment_047,I reduced my plastic consumption significantly,Guardian ,2022-04-06,130,13,6,2022
comment_048,Plastic production should be regulated strictly,BBC News,2017-12-21,177,138,6,2017
comment_049,I REDUCED my plastic consumption significantly #plasticpollution,Mail Online,2019-07-05,292,36,7,2019
comment_050,The plastic industry IS destroying our environment 🌍,BBC News,2018-01-09,312,68,8,2018
comment_051,Waste management systems need improvement!?,Guardian ,2018-12-11,86,107,5,2018
comment_052,We need better solutions for plastik waste MANAGEMENT!!!,Guardian ,2018-12-24,226,16,8,2018
comment_053,Supermarkets use too much plastic packaging,BBC News,2021-03-02,201,19,6,2021
comment_054,The plastic industry is destroying OUR environment,BBC News,2018-03-26,18,47,7,2018
comment_055,Recycling is not working most plastic never gets recycled #recycling,Mail Online,2021-03-20,140,40,10,2021
comment_056,I reduced my plastic consumption significantly #plasticpollution!?,Mail Online,2022-08-26,196,114,7,2022
comment_057,The plastic industry is destroying our environment 👍 #sustainability https://bit.ly/3plasticfacts,BBC News,2019-12-15,189,1,10,2019
comment_058,I reduced MY plastic consumption significantly,Mail Online,2019-07-26,130,143,6,2019
comment_059,We need better solutions for plastic waste management 😊 #sustainability!?,Mail Online,2023-08-06,220,76,10,2023
comment_060,Education about plastic waste is crucial 👍,BBC News,2023-11-26,97,60,7,2023
comment_061,Marine animals suffer the most from plastic #climatechange,BBC News,2021-04-02,85,148,8,2021
comment_062,@BBCEnvironment Many countries have BANNED single-use plastik bags 💩,Guardian ,2017-10-16,219,40,9,2017
comment_063,Recycling is not WORKING most plastic never gets recycled!!!,Guardian ,2021-03-12,273,1,9,2021
comment_064,@UNEnvironment International cooperation needed for plastic crisis 😊,Mail Online,2017-12-03,127,57,8,2017
comment_065,The new plastic tax is a good step forward,Mail Online,2019-11-09,64,62,9,2019
comment_066,Plastic bags are convenient but harmful #recyling?!,BBC News,2018-03-10,246,92,7,2018
comment_067,@UNEnvironment Biodegradable plastics are not perfect but better?!,Mail Online,2023-11-10,314,67,8,2023
comment_068,@UNEnvironment Plastic waste in rivers flows to oceans 😊,Mail Online,2023-05-04,320,96,9,2023
comment_069,@UNEnvironment The plastic industry is destroying our environment #recycling,BBC News,2022-10-17,152,6,9,2022
comment_070,@GreenPeace Innovative materials can replace plastic,Mail Online,2020-05-03,34,29,6,2020
comment_071,Plastic bottles TAKE hundreds of years to decompose 👎,BBC News,2020-06-23,120,3,9,2020
comment_072,Innovations in recycling technology give hope #zerowaste,Guardian ,2017-08-06,341,100,7,2017
comment_073,We must find balance between convenience and environment!?,Guardian ,2021-05-16,285,52,8,2021
comment_074,We need better solutions for plastic waste management 🐠,Mail Online,2018-06-10,45,57,9,2018
comment_075,Corporate RESPONSIBILITY for plastic is importent...,Guardian ,2023-08-23,54,23,6,2023
comment_076,Government policies need to be stronger?!,Guardian ,2021-01-02,234,31,6,2021
comment_077,REUSABLE products are the future #environment,Guardian ,2017-01-31,251,137,6,2017
comment_078,Plastic pollution affects everyone globally http://www.greenpeace.org/plastic,Guardian ,2018-05-05,295,33,6,2018
comment_079,Innovations in recycling technology give hope #savetheoceans,Guardian ,2019-05-22,157,23,7,2019
comment_080,Local recycling programs vary too much 🐠,BBC News,2021-01-06,230,150,7,2021
comment_081,Everyone has responsibility to reduce plastic,BBC News,2018-01-15,18,87,6,2018
comment_082,PLASTIC waste in rivers flows to oceans http://www.greenpeace.org/plastic,Mail Online,2019-04-04,170,142,8,2019
comment_083,Innovative materials can replace PLASTIC,Mail Online,2017-03-10,200,41,5,2017
comment_084,Microplastiks are in our food and water this is terrifying ❤️,Mail Online,2018-05-22,129,117,11,2018
comment_085,Government POLICIES need to be stronger 😂,Mail Online,2018-09-19,292,97,7,2018
comment_086,Waste management systems need improvement,Mail Online,2022-10-16,105,60,5,2022
comment_087,@GreenPeace More research needed on plastic alternatives #ecofriendly,Guardian ,2020-12-04,323,120,8,2020
comment_088,@GreenPeace International cooperation needed for plastic crisis #sustainability...,Mail Online,2019-05-16,266,144,8,2019
comment_089,Government policies need to be stronger #plasticpollution,Guardian ,2019-01-30,176,2,7,2019
comment_090,Single-use plastik should be banned completely #plastikpollution,BBC News,2020-04-09,192,69,7,2020
comment_091,More research needed on plastic alternatives 🔥,Guardian ,2020-09-08,154,135,7,2020
comment_092,Biodegradable plastics are not perfect but better http://www.greenpeace.org/plastic!?,BBC News,2020-03-29,313,130,8,2020
comment_093,Local recycling programs vary too much 👍 #environment,Mail Online,2019-05-16,344,45,8,2019
comment_094,Marine animals suffer the most from plastic??,Mail Online,2019-08-12,343,25,7,2019
comment_095,We need circular economy approaches for plastic...,Guardian ,2019-08-15,11,78,7,2019
comment_096,@GreenPeace We must find balance between convenience and enviroment,BBC News,2023-06-05,54,10,9,2023
comment_097,Public awareness is increasing which is good 🔥!!!,BBC News,2021-10-04,48,58,8,2021
comment_098,Supermarkets use too much plastic packaging,Guardian ,2021-02-15,66,69,6,2021
comment_099,Plastic RECYCLING rates are disappointingly low?!,Guardian ,2020-04-07,121,60,6,2020
comment_100,Education ABOUT plastic waste is crucial #plasticpollution...,Mail Online,2023-09-10,315,66,7,2023
comment_101,Everyone has responsibility to reduce plastic,Guardian ,2021-05-12,146,113,6,2021
comment_102,Corporate responsibility for plastic is importent 👎,Guardian ,2017-07-20,95,60,7,2017
comment_103,@BBCEnvironment Corporate responsibility for plastic is important https://bit.ly/3plasticfacts...,BBC News,2017-08-15,168,120,8,2017
comment_104,Many countries have banned single-use plastic bags!?,Guardian ,2022-10-09,170,118,7,2022
comment_105,Plastic bags are convenient but harmful,BBC News,2018-07-05,286,89,6,2018
comment_106,Innovations in recycling technology give hope https://bit.ly/3plasticfacts,BBC News,2019-02-04,312,83,7,2019
comment_107,Plastic pollution affects everyone globally #zerowaste,Mail Online,2023-12-22,318,4,6,2023
comment_108,OIL prices affect plastic recyling economics,BBC News,2018-04-26,136,1,6,2018
comment_109,Plastic problem requires global solution 👎,Guardian ,2023-11-02,206,150,6,2023
comment_110,Companies using recycled plastik deserve support #plastikpollution,Guardian ,2023-12-12,24,89,7,2023
comment_111,Public awareness is increasing which is good,BBC News,2018-10-15,314,109,7,2018
comment_112,Many countries have banned single-use plastic bags 🤔,BBC News,2017-03-09,31,23,8,2017
comment_113,@GreenPeace I switched to reusable bags and bottles #ENVIROMENT,Guardian ,2023-11-05,260,76,9,2023
comment_114,Innovations in recycling technology give hope?!,Guardian ,2018-03-29,257,2,6,2018
comment_115,Plastic pollution IS preventable with effort 🚮,Guardian ,2018-06-16,93,39,7,2018
comment_116,We must find balance between CONVENIENCE and environment??,Mail Online,2019-03-25,269,80,8,2019
comment_117,Marine animals suffer the MOST from plastic,BBC News,2021-02-12,197,58,7,2021
comment_118,@UNEnvironment Plastic bags are convenient but harmful,Guardian ,2018-06-18,120,66,7,2018
comment_119,Government policies need to be stronger 👎 #ecofriendly,Guardian ,2017-03-23,312,93,8,2017
comment_120,Great to see biodegradable alternatives becoming AVAILABLE...,Mail Online,2021-05-15,125,149,7,2021
comment_121,Reusable products are the future https://bit.ly/3plasticfacts,BBC News,2023-10-17,71,127,6,2023
comment_122,@DavidAttenborough We need better solutions for plastic waste management #plasticpollution,BBC News,2017-07-13,130,98,10,2017
comment_123,INNOVATIONS in recycling technology give hope!?,BBC News,2020-08-14,79,88,6,2020
comment_124,@GreenPeace Government policies need to be stronger...,Mail Online,2019-05-29,4,43,7,2019
comment_125,Consumer choices can drive change in industry #environment?!,Mail Online,2017-01-19,253,56,8,2017
comment_126,Supermarkets use too much plastic packaging https://bit.ly/3plasticfacts,BBC News,2021-04-30,146,79,7,2021
comment_127,Consumer choices can drive change in industry #recycling https://bit.ly/3plasticfacts?!,BBC News,2017-11-04,290,38,9,2017
comment_128,Biodegradable plastics are not perfect but BETTER ❤️,Guardian ,2017-01-20,43,14,8,2017
comment_129,Marine animals suffer the most from plastic...,Mail Online,2017-05-17,85,77,7,2017
comment_130,Innovations in recycling technology give HOPE,BBC News,2020-03-16,342,138,6,2020
comment_131,Plastic production has increased DRAMATICALLY,BBC News,2022-08-09,345,8,5,2022
comment_132,I reduced my plastic consumption significantly ❤️!?,BBC News,2022-10-19,313,85,7,2022
comment_133,The plastik industry is destroying our ENVIRONMENT #savetheoceans??,BBC News,2018-11-12,171,8,8,2018
comment_134,Plastic bottles take hundreds OF years to decompose,BBC News,2022-09-21,111,32,8,2022
comment_135,@BBCEnvironment Biodegradable plastics are not perfect but better #recycling!!!,BBC News,2018-07-16,81,58,9,2018
comment_136,Waste management systems need improvement,Guardian ,2023-07-07,89,108,5,2023
comment_137,Plastic pollution is preventable WITH effort??,Guardian ,2022-11-25,157,39,6,2022
comment_138,@UNEnvironment Plastic recycling rates are disappointingly low http://www.greenpeace.org/plastic,BBC News,2017-12-27,130,105,8,2017
comment_139,Education about plastic waste is crucial 🤔?!,Guardian ,2023-03-11,5,21,7,2023
comment_140,Plastic awareness campaigns are EFFECTIVE 🐠!?,Guardian ,2022-08-10,318,87,6,2022
comment_141,Plastic bottles take hundreds of years to decompose 🔥,Guardian ,2020-01-23,58,26,9,2020
comment_142,We need better solutions for plastic waste MANAGEMENT,BBC News,2022-05-15,160,137,8,2022
comment_143,Community beach cleanups are very rewarding ❤️ #sustainability,BBC News,2018-05-17,238,76,8,2018
comment_144,Waste management systems need improvement 🚮,Guardian ,2023-06-24,174,58,6,2023
comment_145,Government policies need to be stronger??,Mail Online,2017-07-24,169,48,6,2017
comment_146,Different plastics have different recycling codes,BBC News,2018-08-19,165,123,6,2018
comment_147,@GreenPeace Plastic bags are convenient but harmful #recycling!!!,Guardian ,2022-11-29,231,121,8,2022
comment_148,We need better solutions for plastic waste management https://bit.ly/3plasticfacts,Mail Online,2017-03-28,295,110,9,2017
comment_149,Plastic recycling rates are disappointingly low?!,Guardian ,2020-01-27,344,134,6,2020
comment_150,Plastic pollution IS preventable with effort!!!,Mail Online,2022-03-30,54,97,6,2022
comment_151,PLASTIC in fashion is a growing problem http://www.greenpeace.org/plastic,Mail Online,2023-04-15,5,24,8,2023
comment_152,I switched to reusable bags and bottles...,Mail Online,2017-02-21,153,40,7,2017
comment_153,GREAT to see biodegradable alternatives becoming available!!!,BBC News,2023-09-16,17,48,7,2023
comment_154,The new plastic tax is a good step FORWARD #environment,Guardian ,2017-09-07,249,1,10,2017
comment_155,Plastic in FASHION is a growing problem 😢 #recycling??,Guardian ,2020-11-22,117,10,9,2020
comment_156,@BBCEnvironment Corporate responsibility for plastic is important #ecofriendly https://bit.ly/3plasticfacts,Mail Online,2020-11-22,183,122,9,2020
comment_157,@DavidAttenborough Corporate responsibility for plastic is important #sustainability,BBC News,2022-10-19,237,20,8,2022
comment_158,@GreenPeace More RESEARCH needed on plastic alternatives 😢 #recycling,Mail Online,2023-04-09,247,56,9,2023
comment_159,Great to see biodegradable alternatives becoming available 😂 http://www.greenpeace.org/plastik,Guardian ,2018-04-29,102,24,9,2018
comment_160,Plastic waste in rivers flows to oceans 👎,BBC News,2023-07-28,93,40,8,2023
comment_161,Education about plastic waste is crucial,BBC News,2020-03-16,133,25,6,2020
comment_162,Innovations in RECYCLING technology give hope,BBC News,2019-12-30,339,93,6,2019
comment_163,@BBCEnvironment I reduced my plastic consumption significantly,Guardian ,2022-07-30,13,0,7,2022
comment_164,Young activists are leading the movement??,Guardian ,2021-01-05,57,100,6,2021
comment_165,@BBCEnvironment Innovations in recycling technology give hope,Guardian ,2017-11-28,18,95,7,2017
comment_166,Waste management systems need improvement HTTP://WWW.GREENPEACE.ORG/PLASTIC,BBC News,2023-03-18,229,55,6,2023
comment_167,Plastic bags are convenient but harmful 👍,Mail Online,2023-01-22,307,99,7,2023
comment_168,More research needed on plastic alternatives!!!,Mail Online,2023-10-16,225,70,6,2023
comment_169,@GreenPeace Waste management systems need improvement 🤔,BBC News,2017-03-08,297,30,7,2017
comment_170,@BBCEnvironment Government policies need to be stronger 🚮!!!,BBC News,2022-04-19,325,114,8,2022
comment_171,Plastic packaging for food is often unnecessary 💩,BBC News,2017-11-08,295,117,8,2017
comment_172,Young activists are leading teh movement!!!,Mail Online,2018-04-12,56,5,6,2018
comment_173,Plastic awareness campaigns are effective,BBC News,2021-01-27,101,47,5,2021
comment_174,Plastic pollution is destroying our oceans and marine life #environment,Guardian ,2018-08-24,297,23,10,2018
comment_175,@BBCEnvironment Companies using recycled plastic deserve support,Guardian ,2017-10-10,312,103,7,2017
comment_176,Public awareness is increasing which is good?!,Mail Online,2021-08-02,93,44,7,2021
comment_177,Microplastics are in our food and water this is terrifying 🚮??,Guardian ,2019-12-07,157,37,11,2019
comment_178,We must find balance between convenience and environment 😂 #plastikpollution,Guardian ,2023-01-08,126,110,10,2023
comment_179,Single-use plastic should be banned completely https://bit.ly/3plasticfacts,Guardian ,2020-03-08,61,133,7,2020
comment_180,Great to see biodegradable alternatives becoming available #ecofriendly,BBC News,2023-07-17,299,37,8,2023
comment_181,Plastic in fashion is a growing problem 🔥 #zerowaste,BBC News,2017-01-19,104,129,9,2017
comment_182,Education about plastik waste is crucial 👎,BBC News,2018-01-28,3,104,7,2018
comment_183,Plastic pollution is PREVENTABLE with effort #zerowaste??,Guardian ,2018-07-10,258,144,7,2018
comment_184,Plastic packaging for food is often unnecessary!?,Guardian ,2022-10-31,327,97,7,2022
comment_185,Plastic waste IN rivers flows to oceans 🚮,Mail Online,2023-08-08,91,79,8,2023
comment_186,Plastic production should be regulated strictly...,BBC News,2020-07-06,307,118,6,2020
comment_187,Great to see biodegradable alternatives becoming available 😂,Mail Online,2018-01-27,56,130,8,2018
comment_188,Plastic PROBLEM requires global solution...,BBC News,2023-03-20,232,106,5,2023
comment_189,Plastic waste exports to other countries wrong 🐠,Guardian ,2019-05-28,168,20,8,2019
comment_190,Corporate responsibility for plastic is important?!,Mail Online,2023-10-02,6,2,6,2023
comment_191,I reduced my plastic consumption significantly,Mail Online,2017-07-21,45,82,6,2017
comment_192,Plastic PRODUCTION has increased dramatically 🤔,BBC News,2022-04-28,317,46,6,2022
comment_193,Plastic bottles take hundreds of years to decompose 🔥,Guardian ,2020-08-13,147,49,9,2020
comment_194,I switched to reusable bags and bottles,BBC News,2019-07-20,155,40,7,2019
comment_195,Innovations in recycling technology give hope http://www.greenpeace.org/plastic!?,Guardian ,2017-07-16,241,87,7,2017
comment_196,@BBCEnvironment Plastic pollution affects everyone globally 😡 #zerowaste,Guardian ,2023-10-30,314,76,8,2023
comment_197,Plastic packaging for FOOD is often unnecessary https://bit.ly/3plasticfacts,Guardian ,2017-01-15,68,10,8,2017
comment_198,@UNEnvironment Local recycling programs vary too much,Mail Online,2023-01-14,123,142,7,2023
comment_199,Plastic bags are convenient but harmful http://www.greenpeace.org/plastic,Mail Online,2019-07-06,17,54,7,2019
comment_200,Plastic production should be regulated strictly #recycling,Mail Online,2018-02-25,156,43,7,2018
comment_201,Different plastics have different recycling codes 😂...,Guardian ,2017-06-10,326,8,7,2017
comment_202,The Great Pacific Garbage Patch is mostly plastic,BBC News,2021-01-22,111,97,8,2021
comment_203,Corporate responsibility for plastic is important?!,BBC News,2017-10-28,229,148,6,2017
comment_204,@UNEnvironment Plastic bottles take hundreds of years to decompose??,Guardian ,2023-12-16,245,123,9,2023
comment_205,Plastic bottles take hundreds of years to decompose http://www.greenpeace.org/plastic,Guardian ,2018-08-15,49,131,9,2018
comment_206,Marine animals suffer the most from plastic 😡 #environment,Mail Online,2022-12-15,158,37,9,2022
comment_207,Everyone has responsibility to reduce plastik 👎?!,Guardian ,2017-12-13,247,34,7,2017
comment_208,@UNEnvironment Plastic pollution is preventable with effort 💩??,Mail Online,2023-07-16,54,72,8,2023
comment_209,Marine animals suffer the most from plastic #savetheoceans!?,Mail Online,2019-08-10,193,116,8,2019
comment_210,Waste management systems need improvement 🔥,BBC News,2019-12-17,50,94,6,2019
comment_211,@UNEnvironment Plastic production has increased dramatically??,Guardian ,2021-08-11,221,36,6,2021
comment_212,Seeing plastic waste in nature is heartbreaking,Mail Online,2021-02-19,1,38,7,2021
comment_213,Plastic bags are convenient but harmful 🐠 #climatechange...,Mail Online,2020-09-20,186,145,8,2020
comment_214,The Great Pacific Garbage Patch is mostly plastic 🤔,BBC News,2018-04-13,122,114,9,2018
comment_215,Plastic recycling rates are disappointingly low,BBC News,2019-06-20,210,52,6,2019
comment_216,Plastic pollution costs billions in cleanup!!!,Mail Online,2023-08-11,313,43,6,2023
comment_217,Innovative materials can replace plastic 👍,BBC News,2019-11-14,172,147,6,2019
comment_218,Community beach cleanups are very rewarding 😊,Mail Online,2017-03-18,230,96,7,2017
comment_219,@DavidAttenborough Great to see biodegradable alternatives becoming available https://bit.ly/3plasticfacts,Mail Online,2018-02-16,24,51,9,2018
comment_220,International cooperation needed for plastic crisis,Mail Online,2018-09-30,34,19,6,2018
comment_221,Public awareness is increasing which is good,Mail Online,2019-02-21,8,75,7,2019
comment_222,Great to see biodegradable alternatives becoming available,Mail Online,2020-02-24,33,83,7,2020
comment_223,@GreenPeace I switched to reusable bags and bottles #climatechange,BBC News,2017-08-16,26,142,9,2017
comment_224,Government policies need to be stronger 😢,Mail Online,2021-06-12,293,136,7,2021
comment_225,Government policies need to be stronger,BBC News,2023-12-15,287,66,6,2023
comment_226,Plastic pollution is preventable with effort #zerowaste??,Guardian ,2023-02-20,181,82,7,2023
comment_227,We need better solutions for plastic waste management,Mail Online,2023-03-07,8,107,8,2023
comment_228,Microplastics are in our food and water this is terrifying 😡 #climatechange??,Mail Online,2023-08-23,170,140,12,2023
comment_229,We need circular economy APPROACHES for plastic 😡 #zerowaste,Guardian ,2019-10-05,229,99,9,2019
comment_230,PLASTIC waste exports to other countries wrong http://www.greenpeace.org/plastic,Mail Online,2020-05-22,249,34,8,2020
comment_231,@DavidAttenborough Plastic waste exports to other countries WRONG 🤔,Mail Online,2018-06-18,193,125,9,2018
comment_232,Plastic packaging for food is often unnecessary,BBC News,2017-09-05,146,62,7,2017
comment_233,Plastic packaging for food is often unnecessary 😡 #ecofriendly,BBC News,2022-01-15,90,115,9,2022
comment_234,Biodegradable plastiks are not PERFECT but better 🐠??,Mail Online,2023-01-06,289,9,8,2023
comment_235,Marine animals suffer the most from plastic https://bit.ly/3plasticfacts?!,BBC News,2019-08-31,273,3,8,2019
comment_236,Different plastics have different recycling codes 🤔 #recycling,BBC News,2023-06-10,260,74,8,2023
comment_237,@GreenPeace Community beach cleanups are very rewarding http://www.greenpeace.org/plastic??,Guardian ,2020-08-23,21,36,8,2020
comment_238,Plastic recycling rates are disappointingly low 😡,Guardian ,2022-10-22,190,67,7,2022
comment_239,Plastic pollution affects everyone globally??,Guardian ,2019-08-11,258,32,5,2019
comment_240,Plastic waste in rivers FLOWS to oceans https://bit.ly/3plasticfacts,Mail Online,2018-03-06,103,2,8,2018
comment_241,Many countries have banned single-use plastic bags?!,BBC News,2017-01-19,162,23,7,2017
comment_242,@DavidAttenborough Plastic awareness campaigns are effective,Guardian ,2018-09-26,275,117,6,2018
comment_243,Plastic in fashion is a growing problem #plastikpollution??,Guardian ,2020-11-01,196,22,8,2020
comment_244,Plastic problem requires global solution #recycling,Guardian ,2019-12-07,118,127,6,2019
comment_245,Education ABOUT plastic waste is crucial,Mail Online,2019-03-02,297,70,6,2019
comment_246,We need better solutions for plastic waste management #sustainability,Guardian ,2023-09-27,253,78,9,2023
comment_247,Biodegradable plastics are not perfect but better 😢,BBC News,2020-10-01,261,87,8,2020
comment_248,@UNEnvironment Plastic waste exports to otehr countries wrong ❤️ http://www.greenpeace.org/plastic,Guardian ,2020-07-26,311,8,10,2020
comment_249,Everyone has RESPONSIBILITY to reduce plastic...,Guardian ,2020-05-11,299,131,6,2020
comment_250,@UNEnvironment Plastic in fashion is a growing problem 😢 #climatechange,Guardian ,2017-05-10,311,150,10,2017
comment_251,Single-use plastic should be banned completely #environment,Guardian ,2018-08-28,69,82,7,2018
comment_252,Community beach cleanups are very rewarding 😡,BBC News,2023-04-08,104,14,7,2023
comment_253,PLASTIC in fashion is a growing problem,BBC News,2022-03-25,104,51,7,2022
comment_254,Consumer choices can drive change in industry,Guardian ,2022-09-18,265,63,7,2022
comment_255,@UNEnvironment RECYCLING is not working most plastic never gets recycled,Mail Online,2017-08-04,222,73,10,2017
comment_256,Community beach cleanups are very rewarding 👎??,Mail Online,2021-12-22,95,54,7,2021
comment_257,We need better solutions for plastic waste management,Mail Online,2017-01-29,107,116,8,2017
comment_258,@UNEnvironment Supermarkets use too much plastic packaging #zerowaste!?,BBC News,2022-06-17,211,125,8,2022
comment_259,Innovations in recycling technology give hope #climatechange HTTPS://BIT.LY/3PLASTICFACTS!?,Mail Online,2018-01-15,115,23,8,2018
comment_260,Everyone has responsibility to reduce plastic 💩 #recycling,Guardian ,2021-03-18,309,45,8,2021
comment_261,International cooperation needed for plastic crisis,BBC News,2019-07-11,29,40,6,2019
comment_262,Corporate responsibility for plastik is important,Guardian ,2022-02-05,2,47,6,2022
comment_263,Single-use plastic should be banned completely #sustainability,Guardian ,2017-11-12,242,124,7,2017
comment_264,Companies using recycled plastik deserve support 👍??,Guardian ,2022-05-27,221,21,7,2022
comment_265,Plastic pollution costs billions in cleanup 🔥,BBC News,2023-08-04,227,41,7,2023
comment_266,Reusable products are the future #savetheoceans,Mail Online,2022-06-27,216,30,6,2022
comment_267,Plastic pollution is preventable with effort,BBC News,2018-06-01,339,11,6,2018
comment_268,@BBCEnvironment Innovations in RECYCLING technology give hope ❤️ #climatechange,BBC News,2022-11-13,280,21,9,2022
comment_269,Recycling is not working most plastic never GETS recycled!!!,Mail Online,2020-06-20,333,38,9,2020
comment_270,@GreenPeace Plastic waste exports to other countries wrong,BBC News,2020-04-10,100,4,8,2020
comment_271,Great to see biodegradable alternatives becoming available!?,Guardian ,2022-05-15,82,121,7,2022
comment_272,Reusable products are the future,BBC News,2021-12-07,143,8,5,2021
comment_273,CORPORATE responsibility for plastic is important,BBC News,2020-04-07,157,93,6,2020
comment_274,Supermarkets use too much plastic packaging!!!,Guardian ,2020-03-21,203,103,6,2020
comment_275,@BBCEnvironment Supermarkets use too much plastic packaging ❤️...,BBC News,2017-07-27,336,36,8,2017
comment_276,The plastic industry is destroying our environment #climatechange,Guardian ,2021-05-21,137,17,8,2021
comment_277,Companies using recycled PLASTIC deserve support,Mail Online,2017-01-19,27,21,6,2017
comment_278,Seeing plastic waste in nature is heartbreaking #plasticpollution?!,Guardian ,2020-11-12,51,57,8,2020
comment_279,Plastic POLLUTION costs billions in cleanup https://bit.ly/3plasticfacts,Guardian ,2023-04-16,254,112,7,2023
comment_280,International cooperation needed FOR plastic crisis...,BBC News,2018-12-31,93,66,6,2018
comment_281,Innovative materials can replace plastic #savetehoceans!!!,Mail Online,2023-03-21,328,6,6,2023
comment_282,Plastic pollution affects everyone globally 👎 https://bit.ly/3plasticfacts,Mail Online,2023-03-06,195,10,7,2023
comment_283,@DavidAttenborough Plastic pollution costs billions in cleanup #sustainability,Guardian ,2022-12-19,314,56,8,2022
comment_284,We must find balance between convenience and environment 🔥?!,BBC News,2018-11-14,50,55,9,2018
comment_285,Great to see BIODEGRADABLE alternatives becoming available?!,Mail Online,2017-11-20,140,131,7,2017
comment_286,Innovations IN recycling technology give hope 😊!?,Mail Online,2022-01-20,64,41,7,2022
comment_287,@GreenPeace Plastic pollution affects everyone globally...,Guardian ,2022-11-30,44,113,6,2022
comment_288,Local recyling programs vary too much 🐠 #savetheoceans,BBC News,2021-09-03,173,107,8,2021
comment_289,Marine animals suffer the most from plastic,Guardian ,2023-07-02,299,18,7,2023
comment_290,International cooperation NEEDED for plastic crisis #ecofriendly,BBC News,2018-08-11,35,47,7,2018
comment_291,Plastic problem requires global solution 💩,Mail Online,2020-11-25,1,21,6,2020
comment_292,Young activists are leading the movement http://www.greenpeace.org/plastik...,Mail Online,2019-01-16,25,141,7,2019
comment_293,@DavidAttenborough I SWITCHED to reusable bags and bottles 😊,BBC News,2017-07-19,76,48,9,2017
comment_294,@BBCEnvironment Corporate responsibility FOR plastic is important?!,BBC News,2022-11-24,58,27,7,2022
comment_295,The new plastic tax is a good step forward http://www.greenpeace.org/plastic...,Mail Online,2023-10-15,77,133,10,2023
comment_296,We need better solutions FOR plastic waste management?!,BBC News,2020-05-08,227,15,8,2020
comment_297,Recycling is not working most plastic never gets recycled,BBC News,2019-02-13,315,96,9,2019
comment_298,Plastic packaging for FOOD is often unnecessary 😂,Guardian ,2022-02-21,211,74,8,2022
comment_299,I switched to reusable bags and bottles,Mail Online,2022-11-10,132,80,7,2022
comment_300,Everyone has responsibility to reduce plastic!!!,Guardian ,2022-12-31,166,72,6,2022
comment_301,@GreenPeace The plastic industry is destroying our enviroment #sustainability https://bit.ly/3plasticfacts,Mail Online,2023-09-27,311,4,10,2023
comment_302,@BBCEnvironment Plastic problem requires global solution 🌍!!!,BBC News,2019-04-23,275,98,7,2019
comment_303,Many countries have banned single-use plastic BAGS,BBC News,2021-07-02,287,43,7,2021
comment_304,@BBCEnvironment PLASTIC pollution costs billions in cleanup?!,Mail Online,2019-05-24,185,49,7,2019
comment_305,Recycling is not working most plastik never gets recycled #ecofriendly??,BBC News,2020-04-09,150,75,10,2020
comment_306,@UNEnvironment Many countries have banned single-use plastic BAGS 🤔 #environment??,Guardian ,2018-09-18,217,130,10,2018
comment_307,Public awareness is increasing which is good,Guardian ,2019-02-06,105,99,7,2019
comment_308,@DavidAttenborough WE need circular economy approaches for plastic,Guardian ,2017-04-06,308,140,8,2017
comment_309,@UNEnvironment Microplastics are in our food and water this is terrifying ❤️,BBC News,2021-05-02,1,38,12,2021
comment_310,Government policies need to be stronger,Mail Online,2023-12-10,228,27,6,2023
comment_311,Local recycling programs vary too much 🐠 #ecofriendly,Mail Online,2020-07-24,172,129,8,2020
comment_312,Plastic waste in rivers flows to oceans??,Guardian ,2019-03-23,37,91,7,2019
comment_313,Microplastics are in our food and water this is terrifying?!,Mail Online,2021-08-21,143,132,10,2021
comment_314,Plastic waste exports to other countries wrong #plastikpollution,Mail Online,2022-07-21,126,90,8,2022
comment_315,@GreenPeace Reusable products are the future #zerowaste,Guardian ,2018-09-04,308,107,7,2018
comment_316,Plastic awareness campaigns are effective 😊 http://www.greenpeace.org/plastic...,Mail Online,2017-03-27,98,86,7,2017
comment_317,Plastic pollution is preventable with EFFORT 🚮,Mail Online,2022-12-28,214,114,7,2022
comment_318,@GreenPeace Recycling is not working most plastic never gets recycled #recycling,BBC News,2017-05-18,122,60,11,2017
comment_319,I reduced my plastic consumption significantly...,Mail Online,2017-04-10,117,135,6,2017
comment_320,Plastic in fashion is a growing problem 🔥 #sustainability!?,BBC News,2017-05-23,251,38,9,2017
comment_321,@BBCENVIRONMENT We need better solutions for plastic waste management!!!,Mail Online,2022-03-27,267,114,9,2022
comment_322,We need better solutions for plastic waste management 🌍 #ecofriendly!!!,Mail Online,2020-11-23,156,88,10,2020
comment_323,The Great Pacific Garbage Patch is mostly plastic,BBC News,2019-11-13,315,96,8,2019
comment_324,Plastic in fashion is A growing problem,Guardian ,2019-07-27,139,23,7,2019
comment_325,Marine animals suffer the most from plastic 💩...,Mail Online,2023-10-29,302,21,8,2023
comment_326,@BBCEnvironment Innovative materials can replace plastik 😊 #plastikpollution,BBC News,2020-06-23,204,40,8,2020
comment_327,Innovative materials can REPLACE plastic,Guardian ,2018-09-13,181,130,5,2018
comment_328,Biodegradable plastics are not perfect but better 👍 HTTPS://BIT.LY/3PLASTICFACTS,Mail Online,2020-02-21,305,115,9,2020
comment_329,Plastic waste in rivers flows to oceans 💩,Guardian ,2019-02-05,178,32,8,2019
comment_330,Plastic bottles take hundreds of years to decompose,Guardian ,2023-07-16,288,102,8,2023
comment_331,I switched to reusable bags AND bottles,BBC News,2023-08-03,268,138,7,2023
comment_332,Education about plastic waste is crucial 🔥 #sustainability??,Mail Online,2021-02-26,311,9,8,2021
comment_333,PLASTIC awareness campaigns are effective #climatechange,BBC News,2020-05-20,10,85,6,2020
comment_334,@UNEnvironment Companies using recycled plastic deserve support,Mail Online,2018-07-26,143,124,7,2018
comment_335,@BBCEnvironment More research needed on plastik alternatives #savetheoceans,Mail Online,2018-09-12,211,132,8,2018
comment_336,@DavidAttenborough More research needed on plastic alternatives 😡 #environment,Mail Online,2018-04-06,54,24,9,2018
comment_337,Plastic pollution costs billions in cleanup #CLIMATECHANGE,Guardian ,2023-04-14,299,16,7,2023
comment_338,Single-use plastic should be banned completely https://bit.ly/3plasticfacts?!,Guardian ,2019-09-20,243,140,7,2019
comment_339,Waste management systems need improvement 😂 #zerowaste http://www.greenpeace.org/plastic!!!,Guardian ,2023-03-15,195,27,8,2023
comment_340,We need circular economy approaches for plastic 👎...,Mail Online,2020-12-05,37,117,8,2020
comment_341,I reduced my plastic consumption significantly 😢,Guardian ,2019-11-03,80,82,7,2019
comment_342,Innovations in RECYCLING technology give hope!!!,Mail Online,2018-12-04,195,76,6,2018
comment_343,Seeing plastic waste in nature is heartbreaking,BBC News,2021-09-09,167,105,7,2021
comment_344,Innovative materials can replace plastic 🔥,Mail Online,2022-10-11,36,97,6,2022
comment_345,Plastic in fashion is a growing problem #zerowaste http://www.greenpeace.org/plastic,Mail Online,2022-08-25,177,15,9,2022
comment_346,Plastic problem requires global solution #environment,BBC News,2021-05-20,252,69,6,2021
comment_347,Many countries have banned single-use plastic bags 😂 https://bit.ly/3plasticfacts,Guardian ,2020-12-08,1,103,9,2020
comment_348,@BBCEnvironment Plastic waste exports to other countries wrong,Guardian ,2023-09-23,120,21,8,2023
comment_349,@BBCEnvironment I switched to reusable bags and bottles 💩,Guardian ,2023-04-03,345,36,9,2023
comment_350,Innovations in recycling technology give hope http://www.greenpeace.org/plastic??,Guardian ,2017-02-20,284,6,7,2017
comment_351,Plastic production should be regulated strictly,BBC News,2020-08-05,111,130,6,2020
comment_352,We need better solutions for plastic waste management,BBC News,2023-08-08,245,91,8,2023
comment_353,Supermarkets use too much plastic packaging,Guardian ,2021-03-08,75,76,6,2021
comment_354,Everyone has responsibility to reduce plastic...,Mail Online,2020-02-22,69,89,6,2020
comment_355,Plastic pollution affects everyone globally,Guardian ,2023-10-23,68,61,5,2023
comment_356,Different plastics have different recycling codes,BBC News,2017-09-25,267,116,6,2017
comment_357,Reusable products are teh future https://bit.ly/3plasticfacts,Mail Online,2017-12-30,15,53,6,2017
comment_358,Plastic pollution is preventable with EFFORT,BBC News,2018-10-23,252,52,6,2018
comment_359,@DavidAttenborough Plastic pollution costs billions in CLEANUP #environment!!!,Guardian ,2023-10-07,311,103,8,2023
comment_360,Corporate responsibility for plastic is important??,Guardian ,2018-07-25,72,72,6,2018
comment_361,Plastic waste IN rivers flows to oceans,BBC News,2020-10-08,201,72,7,2020
comment_362,Microplastics are in our food and water this is terrifying 🐠?!,Guardian ,2020-06-04,198,149,11,2020
comment_363,Plastic in fashion is a growing problem 💩?!,BBC News,2019-12-26,120,120,8,2019
comment_364,Local recycling programs vary too much?!,BBC News,2021-11-03,127,23,6,2021
comment_365,Biodegradable plastics are not perfect but BETTER https://bit.ly/3plasticfacts??,Mail Online,2017-08-06,60,127,8,2017
comment_366,Plastic pollution is preventable with effort 😂,BBC News,2019-06-08,217,67,7,2019
comment_367,Corporate responsibility for plastic is IMPORTENT 🤔 #environment,BBC News,2018-07-09,121,142,8,2018
comment_368,Plastic recycling rates are DISAPPOINTINGLY low,Mail Online,2021-08-30,159,0,6,2021
comment_369,Consumer choices can drive change in industry,BBC News,2020-10-05,253,25,7,2020
comment_370,@GreenPeace Plastic pollution affects everyone globally 👍 http://www.greenpeace.org/plastic,Guardian ,2021-12-30,53,11,8,2021
comment_371,Innovations in recyling TECHNOLOGY give hope??,BBC News,2023-04-25,193,45,6,2023
comment_372,@UNEnvironment Seeing plastic waste in nature is heartbreaking 👎,Mail Online,2022-06-09,178,31,9,2022
comment_373,@BBCEnvironment Single-use plastic should be banned completely https://bit.ly/3plasticfacts,Guardian ,2019-04-24,168,98,8,2019
comment_374,Plastic recycling RATES are disappointingly low,Guardian ,2021-04-25,102,142,6,2021
comment_375,Innovative materials can replace plastic,Mail Online,2023-02-21,341,145,5,2023
comment_376,Plastic pollution is preventable with effort,BBC News,2017-01-21,188,144,6,2017
comment_377,Seeing plastic waste in nature is heartbreaking,BBC News,2018-01-22,266,108,7,2018
comment_378,Corporate responsibility for plastic is important ❤️...,BBC News,2022-06-02,336,69,7,2022
comment_379,Marine animals suffer the most from plastik 👍,Guardian ,2023-12-10,287,107,8,2023
comment_380,Innovative materials can replace plastic,Guardian ,2019-01-27,284,107,5,2019
comment_381,@BBCEnvironment Community beach cleanups are very rewarding 😡,Guardian ,2019-06-24,346,85,8,2019
comment_382,We must find balance between convenience and environment,Guardian ,2018-09-17,297,0,8,2018
comment_383,I reduced my plastik consumption significantly http://www.greenpeace.org/plastik,Mail Online,2023-06-17,164,2,7,2023
comment_384,@GreenPeace Plastic production has increased dramatically #recycling!?,Mail Online,2022-11-17,325,107,7,2022
comment_385,Reusable products are the future,BBC News,2021-12-19,257,28,5,2021
comment_386,Plastic pollution is destroying our OCEANS and marine life,Guardian ,2021-11-10,231,96,9,2021
comment_387,@DavidAttenborough Innovations in recycling technology give hope 💩 #ecofriendly,BBC News,2017-03-12,337,97,9,2017
comment_388,Plastic bottles take hundreds of years to decompose,Mail Online,2022-01-24,346,137,8,2022
comment_389,Plastic production should be regulated strictly #recycling...,Mail Online,2023-04-10,77,129,7,2023
comment_390,Plastic waste in rivers flows to oceans,Mail Online,2022-10-23,200,37,7,2022
comment_391,International cooperation needed for PLASTIC crisis 🐠?!,BBC News,2023-05-03,148,144,7,2023
comment_392,@DavidAttenborough Plastic bags are convenient but harmful 😊,Mail Online,2017-01-30,65,25,8,2017
comment_393,@DavidAttenborough Supermarkets use too much plastic packaging #ecofriendly,Guardian ,2021-02-20,333,49,8,2021
comment_394,@DavidAttenborough Different plastics have DIFFERENT recycling codes #environment,BBC News,2022-12-20,312,65,8,2022
comment_395,Public awareness is increasing which is good 🐠 https://bit.ly/3plasticfacts,Guardian ,2017-11-07,64,47,9,2017
comment_396,Plastic production should BE regulated strictly??,Guardian ,2018-06-28,91,66,6,2018
comment_397,Innovative materials can replace plastik 👍,BBC News,2022-09-29,258,145,6,2022
comment_398,Plastic in fashion is a growing problem??,Mail Online,2022-06-08,83,54,7,2022
comment_399,Oil prices affect plastic recycling economics http://www.greenpeace.org/plastic,Mail Online,2018-02-23,279,125,7,2018
comment_400,Microplastics are in our food and water this is terrifying 👎??,Mail Online,2017-11-28,25,82,11,2017
comment_401,PLASTIC pollution affects everyone globally 🚮,Mail Online,2017-10-01,239,58,6,2017
comment_402,Great to see biodegradable alternatives becoming available,Guardian ,2020-02-03,116,13,7,2020
comment_403,@DavidAttenborough Waste management systems need improvement https://bit.ly/3plasticfacts,BBC News,2017-12-21,308,118,7,2017
comment_404,Supermarkets USE too much plastik packaging 🔥 http://www.greenpeace.org/plastik,Guardian ,2022-07-26,284,4,8,2022
comment_405,Waste management systems need improvement,BBC News,2017-01-22,36,14,5,2017
comment_406,Local recycling programs vary too much 😂,Guardian ,2019-10-19,285,92,7,2019
comment_407,Plastic bottles take hundreds of years to decompose http://www.greenpeace.org/plastic...,Guardian ,2018-04-06,176,40,9,2018
comment_408,International cooperation needed for plastic CRISIS ❤️ #sustainability,Mail Online,2020-01-26,9,28,8,2020
comment_409,We need better solutions for plastic waste management 🔥 https://bit.ly/3plasticfacts,Guardian ,2019-11-17,317,53,10,2019
comment_410,Government policies need to be stronger #recycling!!!,Mail Online,2022-07-16,119,23,7,2022
comment_411,Consumer choices can drive change in industry,BBC News,2020-12-23,303,11,7,2020
comment_412,Young activists are leading the movement,Guardian ,2017-10-27,111,116,6,2017
comment_413,Plastic production has increased dramatically,Mail Online,2022-11-03,333,149,5,2022
comment_414,Innovative materials can replace plastic,BBC News,2019-09-25,299,53,5,2019
comment_415,Single-use plastic should be banned completely,Mail Online,2022-06-08,42,82,6,2022
comment_416,@GreenPeace Plastic waste in rivers FLOWS to oceans https://bit.ly/3plasticfacts,BBC News,2018-05-05,161,8,9,2018
comment_417,MARINE animals suffer the most from plastic,BBC News,2021-07-19,95,4,7,2021
comment_418,Biodegradable plastics are not perfect but better,Guardian ,2022-05-02,190,69,7,2022
comment_419,More research needed on plastic alternatives https://bit.ly/3plasticfacts,BBC News,2020-10-02,342,106,7,2020
comment_420,Reusable products are THE future,Mail Online,2023-09-30,6,50,5,2023
comment_421,@BBCEnvironment Plastic pollution is destroying our oceans and marine life 🔥!?,Mail Online,2021-04-17,260,26,11,2021
comment_422,@UNEnvironment We need circular economy approaches for plastic 👍,Mail Online,2021-05-04,18,131,9,2021
comment_423,Plastic in fashion is a growing problem 🤔!!!,Guardian ,2022-06-27,105,32,8,2022
comment_424,@UNEnvironment Plastic waste exports to other countries wrong http://www.greenpeace.org/plastic,BBC News,2020-08-21,333,76,9,2020
comment_425,MANY countries have banned single-use plastic bags?!,Guardian ,2017-05-19,238,107,7,2017
comment_426,Many countries have banned single-use plastic bags 🤔 #ecofriendly http://www.greenpeace.org/plastic,Guardian ,2022-07-31,225,94,10,2022
comment_427,Local recycling programs vary too much 😂 #environment https://bit.ly/3plasticfacts?!,Mail Online,2023-11-23,205,127,9,2023
comment_428,Plastic pollution costs billions in cleanup 💩!!!,Guardian ,2020-03-08,285,33,7,2020
comment_429,@DavidAttenborough Education about plastic waste is crucial 🐠 #zerowaste...,BBC News,2017-06-16,164,135,9,2017
comment_430,More research needed on plastik alternatives #recycling https://bit.ly/3plastikfacts,BBC News,2020-03-15,296,121,8,2020
comment_431,@GreenPeace Plastic pollution is destroying our oceans and marine life,Guardian ,2019-10-21,305,84,10,2019
comment_432,@UNEnvironment Waste management systems need improvement #ecofriendly...,BBC News,2021-08-17,112,76,7,2021
comment_433,We need better solutions for plastic waste management,Mail Online,2020-10-21,138,65,8,2020
comment_434,Marine animals suffer the MOST from plastic!!!,Mail Online,2018-09-05,214,34,7,2018
comment_435,Plastic awareness campaigns are effective 🐠,Guardian ,2018-12-10,263,38,6,2018
comment_436,MICROPLASTICS are in our food and water this is terrifying??,Mail Online,2021-01-03,123,49,10,2021
comment_437,Plastic in fashion is a growing problem,Guardian ,2018-01-20,54,128,7,2018
comment_438,Plastic problem requires global solution,BBC News,2017-06-03,265,103,5,2017
comment_439,Plastic RECYCLING rates are disappointingly low 🌍 http://www.greenpeace.org/plastic,Mail Online,2019-01-12,185,46,8,2019
comment_440,More research needed on plastic alternatives 👍...,Guardian ,2017-03-02,212,10,7,2017
comment_441,Supermarkets use too much plastic packaging #savetheoceans,Guardian ,2020-06-10,46,90,7,2020
comment_442,I switched to reusable bags and bottles,BBC News,2019-10-20,292,122,7,2019
comment_443,Plastic waste exports to other countries wrong 😢 HTTP://WWW.GREENPEACE.ORG/PLASTIC,BBC News,2017-12-03,275,36,9,2017
comment_444,Plastic awareness campaigns are effective!?,BBC News,2018-04-12,161,69,5,2018
comment_445,Education about plastic waste is crucial #environment,BBC News,2018-06-06,322,6,7,2018
comment_446,Plastic pollution costs billions in cleanup http://www.greenpeace.org/plastic,Guardian ,2022-07-10,7,13,7,2022
comment_447,Companies using recycled plastic deserve support ❤️,Mail Online,2019-12-27,307,45,7,2019
comment_448,Waste management systems NEED improvement 👎 https://bit.ly/3plasticfacts,BBC News,2019-07-08,4,45,7,2019
comment_449,Plastic waste exports to other countries wrong,BBC News,2022-01-11,1,27,7,2022
comment_450,@GreenPeace COMPANIES using recycled plastic deserve support 🚮,BBC News,2020-12-28,120,115,8,2020
comment_451,Microplastiks are in our food AND water this is terrifying?!,Guardian ,2018-12-18,339,131,10,2018
comment_452,Corporate responsibility for plastic is important 🤔 #environment http://www.greenpeace.org/plastic?!,Mail Online,2018-10-09,133,99,9,2018
comment_453,Young activists are leading the movement,BBC News,2022-03-05,164,137,6,2022
comment_454,Microplastics are in our food and water this is terrifying!?,Guardian ,2020-10-20,168,103,10,2020
comment_455,@GreenPeace PLASTIC pollution affects everyone globally,Guardian ,2023-04-09,108,13,6,2023
comment_456,Plastic packaging FOR food is often unnecessary,BBC News,2021-03-16,62,71,7,2021
comment_457,Plastic production should be regulated STRICTLY 😡 https://bit.ly/3plastikfacts??,Guardian ,2021-06-05,99,21,8,2021
comment_458,Plastic packaging for food is often unnecessary,Mail Online,2021-02-09,26,80,7,2021
comment_459,Plastic in fashion is a growing problem #zerowaste!?,BBC News,2022-05-06,321,104,8,2022
comment_460,Corporate responsibility for plastic is important,Guardian ,2022-03-03,259,2,6,2022
comment_461,@DavidAttenborough More research needed on plastic alternatives #plasticpollution...,BBC News,2019-10-20,199,146,8,2019
comment_462,Plastic production has increased dramatically,Guardian ,2021-10-12,285,50,5,2021
comment_463,@UNEnvironment Many countries have banned single-use PLASTIC bags,BBC News,2023-10-01,113,0,8,2023
comment_464,Plastic awareness campaigns ARE effective,BBC News,2021-02-02,107,17,5,2021
comment_465,Local recyling programs vary too much 💩,BBC News,2022-05-21,153,114,7,2022
comment_466,The new plastic tax is a good step forward http://www.greenpeace.org/plastic...,Mail Online,2017-11-03,78,8,10,2017
comment_467,More research needed on plastic alternatives,BBC News,2019-10-18,101,3,6,2019
comment_468,@GreenPeace Consumer choices can drive change in industry 👎!!!,Mail Online,2017-06-25,269,112,9,2017
comment_469,More research needed on plastic alternatives #plasticpollution,BBC News,2021-09-02,104,110,7,2021
comment_470,Plastic pollution affects everyone globally,Guardian ,2021-04-05,38,93,5,2021
comment_471,Innovations in recycling technology give hope 🐠!?,Guardian ,2020-07-19,63,2,7,2020
comment_472,Companies using recycled plastic deserve support #savetheoceans,Guardian ,2023-04-14,246,79,7,2023
comment_473,Oil prices affect plastic recycling economics 🔥,BBC News,2019-11-14,248,133,7,2019
comment_474,Different plastics have different recyling codes 🐠?!,BBC News,2017-07-26,173,105,7,2017
comment_475,@BBCEnvironment We must FIND balance between convenience and environment,Guardian ,2022-11-18,103,150,9,2022
comment_476,Plastic waste exports to other COUNTRIES wrong http://www.greenpeace.org/plastic!?,Mail Online,2022-02-25,292,93,8,2022
comment_477,@GreenPeace We need better solutions for plastic waste management #ENVIRONMENT,BBC News,2017-08-06,311,108,10,2017
comment_478,Plastic pollution affects everyone globally 💩,BBC News,2022-08-03,253,139,6,2022
comment_479,@DavidAttenborough Innovations in recycling technology give hope!?,Mail Online,2023-05-17,180,71,7,2023
comment_480,Plastic pollution costs billions in cleanup http://www.greenpeace.org/plastic,Mail Online,2020-04-17,3,122,7,2020
comment_481,Community beach cleanups are very REWARDING,Guardian ,2023-01-19,231,136,6,2023
comment_482,Plastic pollution costs billions in cleanup?!,Guardian ,2020-03-20,64,70,6,2020
comment_483,@GreenPeace Public awareness is increasing which is good 🔥?!,Mail Online,2017-08-27,149,104,9,2017
comment_484,Marine animals suffer the most from plastic!?,BBC News,2023-02-21,317,63,7,2023
comment_485,I switched TO reusable bags and bottles!!!,Guardian ,2019-11-04,269,107,7,2019
comment_486,Single-use plastic should be banned completely!!!,BBC News,2023-12-31,90,69,6,2023
comment_487,@GreenPeace Consumer choices can drive change in industry 😢 #recycling,BBC News,2021-01-03,146,38,10,2021
comment_488,Single-use plastic should be banned completely?!,BBC News,2018-06-28,60,30,6,2018
comment_489,Everyone has responsibility to reduce plastic 😂??,Guardian ,2021-09-19,244,130,7,2021
comment_490,Single-use plastic should be banned completely!?,Mail Online,2017-11-09,276,31,6,2017
comment_491,@UNEnvironment Plastic bottles take hundreds of years to decompose,Mail Online,2020-05-24,340,119,9,2020
comment_492,Plastic bags are convenient but harmful,Mail Online,2017-08-21,126,44,6,2017
comment_493,@GreenPeace Plastic pollution affects everyone globally 😢 https://bit.ly/3plasticfacts!!!,Guardian ,2023-10-24,340,52,8,2023
comment_494,Recycling is not working most plastic never gets recycled,BBC News,2020-05-29,281,68,9,2020
comment_495,Plastic in fashion is a growing PROBLEM,Mail Online,2020-10-07,15,136,7,2020
comment_496,Plastic problem requires global solution,BBC News,2018-01-05,213,127,5,2018
comment_497,Seeing plastic waste in nature is heartbreaking 🌍,BBC News,2020-08-31,170,41,8,2020
comment_498,Plastic problem requires global solution 😡 #recycling https://bit.ly/3plasticfacts,Guardian ,2018-04-01,326,9,8,2018
comment_499,@UNEnvironment Plastic production should be REGULATED strictly?!,Guardian ,2022-01-27,303,66,7,2022
comment_500,Many countries have banned single-use plastic bags,Guardian ,2018-12-13,199,44,7,2018
